-- Les Categories--
insert into PUBLIC.CATEGORIE (ID, CODE, TITRE,NEWVERSION) VALUES ( 1, 'A', 'Hors limites exvs',21 );
insert into CATEGORIE (ID, CODE, TITRE) VALUES ( 2, 'B', 'Zones à pénalité' );
insert into CATEGORIE (ID, CODE, TITRE) VALUES ( 3, 'C', 'Bunkers' );
insert into CATEGORIE (ID, CODE, TITRE,EXVERSION) VALUES ( 21, 'A', 'Hors limites et limites du parcours',1 );

insert into PUBLIC.SOUS_CATEGORIE (ID, TITRE,NUMORDRE,OBJET, CATEGORIE_ID,NEWVERSION) VALUES ( 4, 'Définir les limites exvs',1,'texte simple', 1,22);
insert into PUBLIC.SOUS_CATEGORIE (ID, TITRE,NUMORDRE,OBJET, CATEGORIE_ID,EXVERSION) VALUES ( 22, 'Définir les limites',1,'texte simple', 1,4);
insert into PUBLIC.SOUS_CATEGORIE (ID, TITRE,NUMORDRE,OBJET, CATEGORIE_ID) VALUES ( 5, 'Préciser les limites quand on utilise un mur ou une route',2,'Objet. La définition de « hors limites » précise que quand une limite est définie par des éléments tels qu’un mur ou une route, le Comité devrait définir la lisière de la limite. Selon la nature ou la position d’un mur, il peut y avoir de bonnes raisons pour définir la limite comme au-delà du mur ou utiliser la bordure du mur, côté parcours, comme limite.', 1);
insert into PUBLIC.SOUS_CATEGORIE (ID, TITRE,NUMORDRE,OBJET, CATEGORIE_ID) VALUES ( 6, 'Hors limites quand une route publique traverse le parcours',3,'Objet Quand une route publique traverse un parcours, elle est habituellement définie comme hors limites. Ceci peut rendre possible le fait qu’une balle jouée d’un côté de la route vienne reposer dans les limites de l’autre côté de la route, même si la balle serait hors limites si elle reposait sur la route elle-même.Si le Comité pense qu’il est inéquitable ou dangereux de traiter ces situations différemment, il peut adopter une Règle locale disant qu’une balle jouée d’un côté de la route et qui vient reposer de l’autre côté de la route est hors limites.Si une route traverse un trou particulier où les joueurs doivent jouer d’un côté à l’autre dans le cours normal du jeu, le Comité devrait spécifier que cette Règle Locale ne s’applique pas à cette route dans le jeu du trou.', 1);
insert into PUBLIC.SOUS_CATEGORIE (ID, TITRE,NUMORDRE,OBJET, CATEGORIE_ID) VALUES ( 7, 'Définir les limites',4,'Objet. Pour respecter le dessin du parcours ou pour des raisons de sécurité, un Comité peut choisir de spécifier qu’une partie donnée du parcours est hors limites pour le jeu d’un trou spécifique.Ceci est fait pour empêcher les joueurs qui jouent ce trou, de jouer vers et d’une autre partie du parcours. Par exemple, sur un trou en dogleg, un hors limites interne peut être utilisé pour éviter qu’un joueur coupe le dogleg en jouant une balle vers le fairway d’un autre trou.Mais une Règle locale disant qu’une balle est hors limites si elle franchit la limite, même si elle la franchit de nouveau et vient au repos sur la même partie du parcours, n’est pas autorisée.',1);
insert into PUBLIC.SOUS_CATEGORIE (ID, TITRE,NUMORDRE,OBJET, CATEGORIE_ID) VALUES ( 8, 'Piquets identifiant un hors limites',5,'Objet Quand un hors limites est défini par une ligne au sol, un fossé ou d’une autre manière qui pourrait ne pas être visible de loin, le Comité peut placer des piquets le long de la limite pour permettre aux joueurs de voir de loin où se situe la lisière de la limite.Il n’est pas permis de déplacer les éléments de limite et un dégagement gratuit n’est généralement pas autorisé, mais le Comité peut autoriser un dégagement de ces piquets avec la Règle locale type suivante, qui devrait aussi clarifier le statut de ces piquets.Il est recommandé que de tels piquets soient marqués différemment des autres piquets de hors limites du parcours, par exemple, des piquets blancs avec un haut noir peuvent être utilisés pour cet usage.',1);
insert into PUBLIC.SOUS_CATEGORIE (ID, TITRE,NUMORDRE,OBJET, CATEGORIE_ID) VALUES ( 9, 'Définition des zones à pénalité',1,'Objet II y a de nombreuses manières par lesquelles un Comité peut définir les limites du parcours et il n’est donc ni nécessaire, ni possible de fournir une liste complète de Règles locales types qui peuvent être utilisées pour cela.Le principal est d’être clair et précis lorsque l’on définit les limites dans les Règles locales.Aucune Règle locale type n’est incluse dans cette section vu la variété d’options possibles, mais certains exemples sont fournis ci-dessous :• Le hors limites est défini par la ligne entre les points au niveau du sol côté parcours des piquets blancs ou des poteaux de clôture. Le hors limites est aussi défini par [insérer la description d’autres méthodes pour définir un hors limites],• Les limites du [spécifier le numéro du trou] sont définies par [insérer la description de l’élément].• La limite à gauche du [spécifier le numéro du trou] est définie par le bord, côté parcours, des points peints en blanc sur [spécifier la localisation, comme la chaussée].• La limite à droite du [spécifier le numéro du trou] est définie par le bord, côté parcours, de la ligne blanche peinte sur [nom de la route].• L’aire de maintenance entre [spécifier les numéros des trous] est hors limites. La limite est définie par le bord interne des poteaux de clôture entourant la zone.Voir Sections 2A et 5B(I) pour davantage d’informations sur la définition des hors limites.',2);
insert into PUBLIC.SOUS_CATEGORIE (ID, TITRE,NUMORDRE,OBJET, CATEGORIE_ID) VALUES ( 10, 'Dégagement sur le côté opposé d’une zone à pénalité rouge',2,'Objet. La Règle 17.1 donne au joueur l’option de se dégager latéralement ou en arrière sur la ligne, basée sur l’endroit où sa balle a franchi en dernier la lisière d’une zone à pénalité rouge. Mais dans certains cas (par exemple, en fonction de la situation de la zone à pénalité juste à côté de la limite d’un parcours), ces options peuvent ne laisser au joueur aucune autre option raisonnable que de se dégager selon coup et distance.Un Comité peut introduire une Règle locale autorisant le dégagement latéral sur le côté opposé d’une zone à pénalité rouge comme option de dégagement supplémentaire selon la Règle 17.1 d.Quand il envisage une Règle Locale pour permettre un dégagement supplémentaire :• Le Comité devrait envisager d’introduire la Règle Locale dans les situations où le joueur pourrait être sérieusement désavantagé si elle n’était pas mise en place. Deux exemples :» Lorsqu’une limite coïncide avec la lisière d’une zone à pénalité sur le côté d’un trou de telle sorte que si la balle franchit en dernier la zone à pénalité du côté de la limite, le joueur risquerait de ne pas avoir d’option réalisable de dégagement autre que de jouer de nouveau selon coup et distance.» Lorsque la configuration de la zone à pénalité est telle qu’il pourrait y avoir un doute sur l’endroit où la balle a franchi en dernier la lisière de la zone à pénalité et que le fait de savoir quel est le côté de la zone à pénalité franchi en dernier par la balle, a un impact considérable sur l’endroit d’où se dégager. Ceci s’applique si une zone à pénalité relativement étroite est bordée de buissons ou de rough épais sur un côté et de fairway sur l’autre.• Il est recommandé que le Comité précise la position des zones à pénalité particulières où la Règle locale s’applique, plutôt que de l’appliquer à toutes les zones à pénalité rouges du parcours. Cette Règle locale ne devrait pas être utilisée pour permettre à un joueur d’utiliser l’option de dégagement du côté opposé pour traverser une zone à pénalité rouge afin d’avoir une position plus favorable que celle qu’il pourrait obtenir si seul le dégagement latéral normal selon la Règle 17.1 d était possible et utilisé.• Il peut être aussi utile de marquer les zones à pénalité où cette option est disponible de manière particulière, par exemple en utilisant des couleurs différentes sur le haut des piquets où cette option supplémentaire est disponible, et ceci devrait être indiqué dans la Règle locale.• Plutôt que d’utiliser cette Règle locale, le Comité peut décider de mettre en place une ou plusieurs dropping zones (voir Règle locale type E-l).',2);
insert into PUBLIC.SOUS_CATEGORIE (ID, TITRE,NUMORDRE,OBJET, CATEGORIE_ID) VALUES ( 11, 'Balle provisoire pour une balle dans une zone à pénalité',3,'Objet Selon la Règle 18.3, un joueur n’est pas autorisé à jouer provisoirement une balle si on est sûr ou quasiment certain que sa balle est dans une zone à pénalité.Cependant, dans des cas particuliers, la dimension, la configuration ou la localisation d’une zone à pénalité peut être telle que :• Le joueur ne peut pas voir si la balle est dans la zone à pénalité,• Cela retarderait le jeu de manière déraisonnable si le joueur devait aller vers l’avant pour chercher la balle avant de revenir jouer une autre balle selon la pénalité de coup et distance, et• Si la balle d’origine n’est pas trouvée, il serait sûr ou quasiment certain que la balle est dans la zone à pénalité.Dans de telles situations, pour gagner du temps, un Comité peut choisir de modifier la Règle 18.3 :• La Règle 18.3a est modifiée pour permettre au joueur de jouer provisoirement une balle selon la Règle 17.1 d( I ), la Règle 17.1 d(2) ou, pour une zone à pénalité rouge, la Règle 17. Id(3).• Les Règles 18.3b et 18.3c sont modifiées pour indiquer quand une telle balle provisoire doit ou peut être jouée ou abandonnée, comme indiqué dans le Règle locale type.',2);
insert into PUBLIC.SOUS_CATEGORIE (ID, TITRE,NUMORDRE,OBJET, CATEGORIE_ID) VALUES ( 12, 'Définir un cours d’eau à l’air libre comme partie de la zone générale',4,'Objet Si un cours d’eau à l’air libre ne contient habituellement pas d’eau (comme un fossé de drainage ou une zone de ruissellement qui est sèche, excepté pendant une période pluvieuse), le Comité peut définir cette zone comme partie de la zone générale.Le Comité peut aussi choisir de marquer un tel cours d’eau à l’air libre comme une zone à pénalité pendant les périodes de l’année où il contient de l’eau, ou le laisser comme partie de la zone générale, auquel cas, toute eau qu’il collecte devrait être considérée comme de l’eau temporaire. Cependant, les zones qui devraient habituellement contenir de l’eau devraient être marquées comme des zones à pénalité rouge toute l’année.Voir la Règle locale type F-20 pour les situations où le cours d’eau à l’air libre peut faire partie d’une condition anormale du parcours.',2);
insert into PUBLIC.SOUS_CATEGORIE (ID, TITRE,NUMORDRE,OBJET, CATEGORIE_ID) VALUES ( 13, 'Dégagement spécifique quand une zone à pénalité est proche d’un bunker',5,'Objet. Il peut y avoir des trous particuliers où une partie de la lisière d’une zone à pénalité rouge est si près d’un bunker qu’un joueur prenant un dégagement latéral selon la Règle 17.1 d(3), sera obligé de dropper une balle dans le bunker Dans ce cas, un Comité peut choisir de créer une option supplémentaire de dégagement autorisant le joueur, avec une pénalité d’un coup, à se dégager dans une dropping zone positionnée sur le côté fairway du bunker',2);


insert into PUBLIC.REGLE (ID,NUMORDRE, SOUSCATEGORIE_ID,CORPUS,NEWVERSION) VALUES ( 14, 1,4,' La bordure côté parcours de tout mur bordure côté parcours d’une route définit la limite du parcours. exvs ',23 );
insert into PUBLIC.REGLE (ID,NUMORDRE, SOUSCATEGORIE_ID,CORPUS,EXVERSION) VALUES ( 23, 1,4,' La bordure côté parcours de tout mur bordure côté parcours d’une route définit la limite du parcours. ',14 );
insert into PUBLIC.REGLE (ID,NUMORDRE, SOUSCATEGORIE_ID,CORPUS) VALUES ( 15, 1,5,'« Une balle est hors limites quand elle est au-delà de tout mur définissant les limites du parcours. »' );
insert into PUBLIC.REGLE (ID,NUMORDRE, SOUSCATEGORIE_ID,CORPUS) VALUES ( 16, 1,6,'« Une balle venant au repos sur ou au-delà de la route [identifier la route ou les trous où elle intervient dans le jeu] est hors limites, même si elle vient au repos sur une autre partie du parcours qui est en jeu pour les autres trous. »' );
insert into PUBLIC.REGLE (ID,NUMORDRE, SOUSCATEGORIE_ID,CORPUS) VALUES ( 17, 1,7,' Quand les limites sont définies par des piquets :« Durant le jeu de [spécifier le numéro du trou], le [décrire la partie du parcours] sur le [spécifier la localisation ou le côté] du trou, défini par [spécifier la couleur des piquets, par exemple, piquets blancs], est hors limites.Ces piquets sont considérés comme des éléments de limite durant le jeu de [spécifier le numéro du trou]. Pour tous les autres trous, ce sont des obstructions inamovibles. »' );
insert into PUBLIC.REGLE (ID,NUMORDRE, SOUSCATEGORIE_ID,CORPUS) VALUES ( 18, 1,8,'« Quand une limite est définie par [identifier la limite, par exemple, une ligne blanche peinte au sol], des piquets blancs avec un haut noir ont été mis en place pour la visibilité. Ces piquets [décrire tout marquage spécial], sont [des obstructions inamovibles / amovibles], »');
insert into PUBLIC.REGLE (ID,NUMORDRE, SOUSCATEGORIE_ID,CORPUS) VALUES ( 19, 1,9,'Toutes les zones de désert sont des zones à pénalité rouges et la lisière de la zone à pénalité est la jonction entre le gazon et le désert.');
insert into PUBLIC.REGLE (ID,NUMORDRE, SOUSCATEGORIE_ID,CORPUS) VALUES ( 20, 2,9,'Toutes les zones de lave sont des zones à pénalité rouges');

insert into PUBLIC.ROLE(ID, NAME, ROLE) values (1,'Admin','ADMIN');
insert into PUBLIC.ROLE(ID, NAME, ROLE) values (2,'Gestionnaire','GESTIONNAIRE');
insert into PUBLIC.ROLE(ID, NAME, ROLE) values (3,'Editeur','EDITEUR');

insert into PUBLIC.UTILISATEUR (ID, ACTIVE, MAIL, NAME, PASSWORD,ROLE_ID) VALUES (1,false,'admin@test.fr','Dolly','$2a$10$iQoOYHKDCqa39N2fgf10j.qoGtM3pVmiGm.VkD4.PELR8FThTEhfu',1);
insert into PUBLIC.UTILISATEUR (ID, ACTIVE, MAIL, NAME, PASSWORD,ROLE_ID) VALUES (2,false,'editeur@test.fr','Prane','$2a$10$fJYeqCmqY5JtO4x5gLYpN.V2kQifbtaum6lIveFUAgypqjTp11Bsu',3);

